ID,Sequence
0,MAQQCHIQTWRYRVGPAFMTPTVDLAN
1,MSFREMLSNSCPRSNGGG
2,MGDNEAVVWRLETNPTWEGMHVEYLS
3,MGLRSSSYGRLHYLGLCVVGSCAG
4,MAVTLYLQQPVGTVKVTEKQTIQVKLLTG
5,MFGKGSKCRNLSPFLGSRQLIEPHFLYFY
6,IFAMLALIILDRQAPENTIPSTSVAEEN
7,METIRILAITIPEEQVDRAKTNLQKSQERLRHGL
8,LESVLVQILVLGLSSELCPLLSN
9,MEAENKFNVSSALVVVAVLVVLAAMMFSLLG
10,MSDSYLIYIKSGFNR
11,MPAKMFTWHVIFNAVLYC
12,MALRAGATDSLPVSA
13,MKKRIWPKGKKWDFTNNHQYATYKRKASSSGKG
14,MLLFSNESTESGSLDVSPTQLPLLPR
15,MRFDRFIMNKEFYQKIYKNQPTVWDKKRKA
16,MRLHSTMPLTIRRGLWTLLWLLKF
17,MCSAPCSLDPQGFPVKVNYLFNFCFVCGF
18,MGGVGGKSHWRLENTGEVRD
19,MKLTAGQSRHTHYLMIKIFTYVWNEFTDG