"ID","COMPLEXITY","NAME","N TERMINUS","SEQUENCE","C TERMINUS","ACTIVITY"
"23223","Monomer","","","KKIAKKFWKKFWKFWKIFKK","","2.0"
"20465","Monomer","AC-P19M","","FAKKLAKLKKKLAKLAKKR","","2.22097"
"15911","Monomer","Chionodracine [F1W;S11,21K;H4,15,17K]","","WFGKLYRGITKVVKKVKGLLKG","","3.28277"
"12537","Monomer","3G-Cathelicidin-6","","GGGGRFKRFRKKFKKLFKKLSPVIPLLHLG","","3.46137"
"21628","Monomer","Cathelicidin Aquiluscidin (6-28)","","FFKKVKKSVKKRLKKIFKKPMVI","","4.0"
"102","Monomer","Dermaseptin S4 [M4K][N20K] ","","ALWKTLLKKVLKAAAKAALKAVLVGANA","","4.0"
"23226","Monomer","","","IAKKFWPKFWKFWKIFKKIA","","4.0"
"23225","Monomer","","","IAKKFWKKFWKFWKIFKKIA","","4.0"
"23227","Monomer","","","KKIAKKFWKKFWKFWPKFWKIFKK","","4.0"
"4969","Monomer","HP(6-20) [E10K,S14K,Q17W,D19W] 50S ribosomal protein L1, HPA3NT3","","FKRLKKLFKKIWNWK","","4.13936"
"12830","Monomer","KK-Temporin B [G8K]","","KKLLPIVKNLLKSLL","","4.31075"
"2596","Monomer","P4, Longicin (53-73)","","SIGRRGGYCAGIIKQTCTCYR","","4.61554"
"23003","Monomer","Cathelicidin Gj-CATH2 (1-18)","","RRGIKKFIKKVKKVKKAI","","4.68"
"12691","Monomer","Melittin (1-17)+(21-26)","","GIGAVLKVLTTGLPALIKRKRQQ","","5.0"
"22060","Monomer","","","KWKKNWTKIIQGFLKGGIGTILNLKKK","","5.00845"
"22062","Monomer","","","LKKLKWLAHRLKGMLKKYLKPTAASS","","5.00963"
"13043","Monomer","Hemoglobin subunit alpha (97-114) [N98R]","","VRFKLLSHSLLVTLASHL","","6.25"
"13044","Monomer","Hemoglobin subunit alpha (97-114) [V97R; N98R]","","RRFKLLSHSLLVTLASHL","","6.25"
"15910","Monomer","Chionodracine [F1W;H4,15,17K]","","WFGKLYRGITSVVKKVKGLLSG","","6.34663"
"16118","Monomer","Adepamycin","","FQRYFHRYARFLAKIWKG","","6.69164"
"10342","Monomer","OH-CATH (3-17), Cathelicidin-OH (3-17)","","FKKFFKKLKNSVKKR","","7.0"
"1912","Monomer","Magainin analog-1","","AIHNLAHKLLKKLTRAVKKLAN","","7.45839"
"988","Monomer","Dermaseptin-like PBN2 ","","GLVTSLIKGAGKLLGGLFGSVTGGQS","","7.50153"
"17448","Monomer","Peptide 73*","","VRGKRLWDIVRRWVGWL","","8.0"
"5419","Monomer","MSI-78, Pexiganan","","GIGKFLKKAKKFGKAFVKILKK","","8.0"
"1430","Monomer","Horse cathelicidin 1, Myeloid cathelicidin 1, eCATH-1","","KRFGRLAKSFLRMRILLPRRKILLAS","","8.0"
"23222","Monomer","","","FIKKFAKKFKKFIKKFAKFAFAF","","8.0"
"1073","Monomer","Cathelin-related peptide SC5, Antibacterial peptide SMAP-29, Myeloid antibacterial peptide MAP-29","","RGLRRLGRKIAHGVKKYGPTVLRIIRIAG","","8.0"
"20464","Monomer","AC-P19","","FAKKLAKLKKKLAKLALAL","","8.41528"
"1913","Monomer","Magainin analog-2","","AIHKLAHKLLKKLLKAVKKLAK","","11.2559"
"1914","Monomer","Magainin analog-3","","AIHKLAHKLLKKLLRAVKKLAN","","11.3096"
"3029","Monomer","Apidaecin 3(12-16)-(2-18), PR-3","","PRPPHPPRPPHPPRPPHPPRPPHPRL","","12.0584"
"15909","Monomer","Chionodracine [F1W;S11,21K]","","WFGHLYRGITKVVKHVHGLLKG","","12.4905"
"19367","Monomer","Lc C-C motif chemokine 28 (73-97), lcCCL28-25","","AHPKWMEVVRSRQRKKKHNKRRATY","","12.5"
"7699","Monomer","Cathelicidin-related peptide, Oh-Cath","","KFFKKLKNSVKKRAKKFFKKPRVIGVSIPF","","12.5"
"12632","Monomer","Chionodracine [F1W; H4,15,17K; I9K; S11,21K]","","WFGKLYRGKTKVVKKVKGLLKG","","12.5"
"7702","Monomer","OH-CM6 ","","KFFKKLKKAVKKGFKKFAKV","","12.5"
"10343","Monomer","OH-CATH (18-34), Cathelicidin-OH (18-34)","","AKKFFKKPRVIGVSIPF","","13.0"
"11749","Monomer","Tachyplesin-1 [C3A,C7A,C12A,C16A]","","KWAFRVAYRGIAYRRAR","","16.0"
"16593","Monomer","Kininogen-1 (504-520)-3W, DPK-060","","GKHKNKGKKNGKHNGWKWWW","","16.0"
"17449","Monomer","Peptide 3002*","","VRGKILVRWIRWRIQW","","16.0"
"18789","Monomer","EeCentrocin EC1-17KV","","GWWRRTVKKVRNAVRKV","","16.0"
"18790","Monomer","EeCentrocin EC1-17RV","","GWWRRTVRRVRNAVRRV","","16.0"
"1074","Monomer","Ovispirin-3 -OH","","KNLRRIIRKIIHIIKKYG","","16.0"
"1417","Monomer","HB71, Shiva 10 (1-18)","","FAKKLAKKLKKLAKKLAK","","16.0"
"22345","Monomer","Cathelicidin BM-CATH","","GRFSRLRKRIRKVWRKIGPIAGPIIGHFG","","16.0"
"5741","Monomer","KK-Temporin-B [G6A]","","KKLLPIVANLLKSLL","","16.662"
"1737","Monomer","Cathelicidin-BF","","KFFRKLKKSVKKRAKEFFKKPRVIGVSIPF","","18.7"
"10591","Monomer","As Cathelicidin 5, As-CATH5","","TRRKFWKKVLNGALKIAPFLLG","","18.75"
"10592","Monomer","As Cathelicidin 6, As-CATH6","","TRWLWLLRGGLKAAGWGIRAHLNRNQ","","18.75"
"5623","Monomer","Piscidin-4, Oreochromicin 2","","FIHHIIGGLFSAGKAIHRLIRRRRR","","19.8941"
"16117","Monomer","ApTI (10-27)","","FLRNGGSYYIVPAFRGKG","","20.0334"
"22061","Monomer","","","GWKDFKKTIKKLLRGASRLLKF","","20.04"
"874","Monomer","Buforin-2 (6-21)","","AGLQFPVGRVHRLLRK","","23.1033"
"23373","Monomer","Rip-4","","AARVTIIRIRNKRTGKVTIIVIRRK","","23.4856"
"19119","Monomer","KR-12 [F10W]+hBD-2 (36-41)[C2L,P6W]","","KRIVQRIKDWLRKLCKKW","","25.0"
"20772","Monomer","Tilapia piscidin 2, [G1,11K;E2K;W5A;D6K;F9,15L;H10,14,17K;R18K]","","KKCIAKAILKKAKKLLKKLVNP","","25.0"
"19369","Monomer","Putative C-C motif chemokine 28 (52-76), smCCL27b-25","","APLKMKAILEIVHRRMKQNKMKAAF","","25.0"
"19370","Monomer","SCY domain-containing protein (69-97), trCCL28-29","","VDQTVFKDIWWRMKQWKQRVKKRAAKYNV","","25.0"
"12966","Monomer","Hemoglobin subunit alpha (97-114)","","VNFKLLSHSLLVTLASHL","","25.0"
"20771","Monomer","Tilapia piscidin 1, TP1 [D2,4K;E11K;R15K]","","FKWKSVLKGVKGFVKGYF","","25.0"
"3085","Monomer","Gaegurin 4 [1-27]","","GILDTLKQFAKGVGKDLVKGAAQGVLS","","25.0"
"19355","Monomer","Chemokine (C-C motif) ligand 27b (49-72), drCCL27b-24","","ATPKMEQFLQKLMKRMARLKASAV","","25.0"
"3083","Monomer","Gaegurin 4 [1-29]","","GILDTLKQFAKGVGKDLVKGAAQGVLSTV","","25.0"
"19371","Monomer","C-C motif chemokine 27a (50-75), chCCL27a-26","","AHPRIKKHLDLLMKKERHLAMKIAAP","","25.0"
"19353","Monomer","SCY domain-containing protein (48-70), omCCL28-like-23","","AHPKVKRKLKRMQRKKDGKQKRH","","25.0"
"5569","Monomer","Piscidin 3","","FIHHIFRGIVHAGRSIGRFLTG","","25.0"
"3082","Monomer","Gaegurin 4 [1-30]","","GILDTLKQFAKGVGKDLVKGAAQGVLSTVS","","25.0"
"15908","Monomer","Chionodracine [F1W]","","WFGHLYRGITSVVKHVHGLLSG","","25.3884"
"1915","Monomer","Magainin analog-4","","AIHKLAHKLLKKTLRAVKKLAN","","26.2626"
"20083","Monomer","Hepcidin (66-86)","","IKCKFCCGCCTPGVCGVCCRF","","26.7952"
"1916","Monomer","Magainin analog-5","","AIHKLAHKLTKKTLRAVKKLAN","","31.1144"
"1917","Monomer","Magainin analog-6","","AIHKLAHKTLKKTLRAVKKLAN","","31.1144"
"4867","Monomer","Piscidin 1, Moronecidin","","FFHHIFRGIVHVGKTIHRLVTG","","32.0"
"22217","Monomer","Cathelicidin AM (6-21), AS-16","","LRRKIKKGFKKIFKRL","","32.0"
"23876","Monomer","CAP7 (1-16)/sC18 [R10F,E15Del,K16F], sC184b","","GLRKRLRKFFNKIKF","","32.0"
"22344","Monomer","Cathelicidin LV-CATH","","GRFRRLRNRIRNIWRKIGPIAGPLISRFG","","32.0"
"10888","Monomer","","","KFVRLKIYCRDKNKGRGISF","","32.0"
"22213","Monomer","Cathelicidin AM (1-18), AS-18","","GLFKKLRRKIKKGFKKIF","","32.0"
"1070","Monomer","CAP18-22","","RKRLRKFRNKIKEKLKKIGQKI","","32.0"
"22214","Monomer","Cathelicidin AM (1-18)[R7W], AS-18W","","GLFKKLWRKIKKGFKKIF","","32.0"
"9974","Monomer","Cathelicidin AM (1-21), AM-CATH21","","GLFKKLRRKIKKGFKKIFKRL","","32.0"
"8944","Monomer","Codesane [S4K], COD-1","","GMAKLLAKVLPHVVKLIK","","34.3455"
"3028","Monomer","Apidaecin 2(12-16)-(2-18), PR-2","","PRPPHPPRPPHPPRPPHPRL","","37.3248"
"8646","Monomer","Neutrophil cationic antibacterial polypeptide CAP11 (1-18)m2, CAP11 (1-18)[G1K;K5L;T9L;R10,12L;Q14R;G17L]","","KLRKLFRKLLKLIRKLLR","","37.4582"
"889","Monomer","Buforin-2 [F10W]","","TRSSRAGLQWPVGRVHRLLRK","","39.5992"
"13047","Monomer","BPI fold-containing family A member 1 (58-81)[P3K; G4,5W; G6,9K; P24K]","","LKKWWKTSKGLLGGLLGKVTSVIK","","42.3574"
"17573","Monomer","","","RRWVQRWIRRWRKWV","","45.3754"
"3084","Monomer","Gaegurin 4 [1-28]","","GILDTLKQFAKGVGKDLVKGAAQGVLST","","50.0"
"3086","Monomer","Gaegurin 4 [1-26]","","GILDTLKQFAKGVGKDLVKGAAQGVL","","50.0"
"3088","Monomer","Gaegurin 4 [1-24]","","GILDTLKQFAKGVGKDLVKGAAQG","","50.0"
"1918","Monomer","Magainin analog-7","","AIHKLAHKLLPKTLRAVKKLAN","","50.6174"
"23224","Monomer","","","KFCLKFCFKGFCFKACGK","","63.0"
"23228","Monomer","Oligo10","","FAKALKALLKALKAL","","63.0"
"9101","Monomer","Chensinin-1 [A2K, G4,7,11W, L12H, K14A, K17L], Chensinin-1b","","SKVWRHWRRFWHRAHRLH","","63.825"
"1068","Monomer","CAP18-18","","KRLRKFRNKIKEKLKKIG","","64.0"
"22218","Monomer","Cathelicidin AM (6-21)[R2W,G8W], AS-16WW","","LWRKIKKWFKKIFKRL","","64.0"
"9676","Monomer","Saha-CATH5, Saha cathelicidin 5","","KRIGLIRLIGKILRGLRRLG","","64.0"
"9677","Monomer","Saha-CATH6, Saha cathelicidin 6","","KRIRFFERIRDRLRDLGNRIKNRIRDFFS","","64.0"
"3420","Monomer","Lasioglossin LL-III-OH","","VNWKKILGKIIKVVK","","70.8532"
"15115","Monomer","Heparin cofactor 2 (192-219),KYE28","","KYEITTIHNLFRKLTHRLFRRNFGYTLR","","71.946"
"4442","Monomer","Lasiocepsin Reduced","","GLPRKILCAIAKKKGKCKGPLKLVCKC","","72.6472"
"1738","Monomer","Cathelicidin-BF-15","","VKRFKKFFRKLKKSV","","75.0"
"9757","Monomer","Hemocyanin (655-678), FCHc-C2","","FEVLPNFKHIQVKVFNHGEHIHHH","","76.6061"
"5622","Monomer","Oreochromicin 1","","FIHHIIGGLFSVGKHIHGLIHGH","","88.4793"
"8946","Monomer","Codesane [H12K], COD-3","","GMASLLAKVLPKVVKLIK","","90.8456"
"14140","Monomer","RNase 3 (1-36)[P3,Q4,L18,N19,P20,C23DEL], RN3(5-17P22-36)","","RPFTRAQWFAIQHISPRTIAMRAINNYRWR","","93.9615"
"1003","Monomer","Pleurocidin","","GWGSFFKKAAHVGKHVGKAALTHYL","","95.0323"
"20773","Monomer","Tilapia piscidin 2, [G1,11K;E2K;W5A;D6K;F9,15L;H10,14,17K;R18D]","","KKCIAKAILKKAKKLLKDLVNP","","100.0"
"360","Monomer","Magainin-2 	 ","","GIGKFLHSAKKFGKAFVGEIMNS","","100.0"
"10341","Monomer","OH-CATH (1-24)M, Cathelicidin-OH (1-24)[N12K,S13F,R17G,A18F,F22A,K24V]","","KRFKKFFKKLKKFVKKGFKKFAKV","","100.0"
"3087","Monomer","Gaegurin 4 [1-25]","","GILDTLKQFAKGVGKDLVKGAAQGV","","100.0"
"10340","Monomer","OH-CATH (1-24), Cathelicidin-OH (1-24)","","KRFKKFFKKLKNSVKKRAKKFFKK","","100.0"
"14181","Monomer","LL-37 (17-32)","","FKRIVQRIKDFLRNLV","","100.022"
"23159","Monomer","LS-AMP-F1","","TGLGKIGYLMKKLLSKAKV","","102.682"
"8947","Monomer","Codesane [L6W], COD-4","","GMASLWAKVLPHVVKLIK","","106.257"
"3348","Monomer","Dybowskin-2CDYa, Chensinin-1","","SAVGRHGRRFGLRKHRKH","","107.877"
"3012","Monomer","Apidaecin-1, AP-1","","RPVYIPQPRPPHPRL","","116.685"
"19366","Monomer","M-BMAP-27 (1-16), Bomidin","","MGRFKRFRKKFKKLFKKLS","","124.061"
"20021","Monomer","Latarcin-3a, Ltc-3a","","SWKSMAKKLKEYMEKLKQRA","","128.0"
"7236","Monomer","Bactericidal permeability-increasing protein (90-99)(148-161)","","KWKARKNFIKGSSLGWLIQLFRKR","","128.0"
"13806","Monomer","Sm-Moronecidin","","FFRHIVGAISRIFGQKQRDMAD","","129.702"
"13807","Monomer","Sm-NK-lysin","","GLLKSLCRKFVKVHLPELIEELTTTD","","149.331"
"4955","Monomer","Bactrocerin-1","","VGKTWIKVIRGIGKSKIKWQ","","157.104"
"13805","Monomer","Sm-Piscidin","","KGARQAWKDYKYNRNMQKMNQGYGQQGG","","165.538"
"8945","Monomer","Codesane [L5K], COD-2","","GMASKLAKVLPHVVKLIK","","193.652"
"20949","Monomer","KR-12+hBD-2 (36-41)[C2A]","","KRIVQRIKDFLRKACKKP","","200.0"
"8157","Monomer","Hc-CATH","","KFFKRLLKSVRRAVKKFRKKPRLIGLSTLL","","200.0"
"20950","Monomer","KR-12 [F10W]+hBD-2 (36-41)","","KRIVQRIKDWLRKCCKKP","","200.0"
"12905","Monomer","Mycobacterium phage peptide (33-47)[G12W, A13W], AK15","","AKKKLSRWWLRWWVK","","200.0"
"12911","Monomer","Mycobacterium phage peptide (33-47)[K2V, S6L, L10S, G12W, A13W, W14K], AK15-6","","AVKKLLRWWSRWWKK","","200.0"
"3026","Monomer","Apidaecin-P, AP-P, Apidaecin (14-41)","","RREAEPEAEPGNNRPVYIPQPRPPHPRL","","209.519"
"9884","Monomer","GKY25, Prothrombin (598-622)","","GKYGFYTHVFRLKKWIQKVIDQFGE","","247.413"
"7235","Monomer","Bactericidal permeability-increasing protein (142-169)","","VRIHISGSSLGWLIQLFRKRIESLLQKS","","256.0"
"10879","Monomer","Lynronne-2","","HLRRINKLLTRIGLYRHAFG","","256.0"
"16","Monomer","Distinctin chain 1","","ENREVPPGFTALIKTLRKCKII","","256.303"
"36","Monomer","Distinctin chain 2","","NLVSGLIEARKYLEQLHRKLKNCKV","","256.366"
"5248","Monomer","Bactenecin-7 (1-16)","","RRIRPRPPRLPRPRPR","","265.802"
"4441","Monomer","Lasiocepsin [C8A,C17A,C25A,C27A]","","GLPRKILAAIAKKKGKAKGPLKLVAKA","","277.761"
"20619","Monomer","Autophagy-related protein 16 (12-29)","","RWKRHISEQLRRRDRLQR","","298.91"
"4106","Monomer","Human Glyrichin (4-60), pCM19","","CLRIGMRGRELMGGIGKTM","","300.0"
"1339","Monomer","Spinigerin","","HVDKKVADKVLLLKQLRIMRLLTRL","","300.482"
"12674","Monomer","HEXIM1 (147-164), BR","","QLGKKKHRRRPSKKKRHW","","302.195"
"12675","Monomer","HEXIM1 (147-164)[K4,5,6,13,14,15R], BR-RRR12","","QLGRRRHRRRPSRRRRHW","","322.939"
"20620","Monomer","Autophagy-related protein 16 (12-32)","","RWKRHISEQLRRRDRLQRQAF","","340.477"
"12529","Monomer","Odorranain-HP [V8K], Dadapin-1","","GLLRASSKWGRKYYVDLAGCAKA","","500.0"
"20511","Monomer","PEP-NJSM","","RYAKMKRRRRRVARRHRRR","","1365.65"